{"accuracy": [0.6171135902404785, 0.8627640604972839, 0.9137065410614014, 0.9411622285842896, 0.9559570550918579, 0.9661427140235901, 0.9722455143928528, 0.9771391749382019, 0.978704035282135, 0.982146680355072], "loss": [1.2954503297805786, 0.4322355091571808, 0.26516860723495483, 0.18275171518325806, 0.13653936982154846, 0.10615914314985275, 0.08514653891324997, 0.07079416513442993, 0.06528068333864212, 0.05614170432090759], "val_accuracy": [0.817607581615448, 0.9031982421875, 0.9297177195549011, 0.9400750994682312, 0.9507739543914795, 0.9630093574523926, 0.9421238303184509, 0.9640336632728577, 0.9729114770889282, 0.9644320607185364], "val_loss": [0.578730046749115, 0.29682794213294983, 0.2280283123254776, 0.18150737881660461, 0.1531173586845398, 0.11917365342378616, 0.18872134387493134, 0.1258523315191269, 0.09707961231470108, 0.12203532457351685]}